prescription_number,adhar_card,patient_name,drug_serial_no,date
1629,1739,Lettie Yarham,57,2025-02-09
9126,6394,Violette Sonley,56,2025-10-17
6748,9925,Marcelo Stockau,55,2025-08-09
9419,9925,Marcelo Stockau,24,2025-12-28
7212,9925,Marcelo Stockau,13,2025-03-31
5412,9661,Tammy Sowerbutts,39,2025-09-03
4939,9481,Cissiee Landor,15,2025-11-27
4491,1047,Melania Delea,28,2025-08-18
8159,1047,Melania Delea,53,2025-02-17
1457,1047,Melania Delea,45,2025-03-28
4224,9741,Ruthi Badcock,20,2025-09-08
4017,9741,Ruthi Badcock,3,2025-09-09
4453,1586,Roxanne De Cruze,50,2025-11-01
8307,1586,Roxanne De Cruze,38,2025-03-11
1094,1586,Roxanne De Cruze,58,2025-05-16
5673,1904,Karine Kilshaw,50,2025-07-11
1649,1904,Karine Kilshaw,13,2025-01-17
7126,6600,Reynolds Hogsden,8,2025-05-17
8364,6600,Reynolds Hogsden,7,2025-06-13
4512,2482,Terence Marshal,39,2025-03-09
6906,2482,Terence Marshal,33,2025-06-12
1954,2482,Terence Marshal,25,2025-09-17
7137,8546,Ramsey Baccus,18,2025-08-05
9486,8546,Ramsey Baccus,7,2025-09-16
2517,8546,Ramsey Baccus,3,2025-10-16
6812,6545,Lyell Vanderplas,52,2025-05-15
5330,6545,Lyell Vanderplas,25,2025-01-15
6076,6545,Lyell Vanderplas,9,2025-03-19
2659,8888,Mela Hancke,47,2025-04-28
7808,7985,Orsa Sleaford,14,2025-11-06
9201,7985,Orsa Sleaford,41,2025-01-09
3861,7985,Orsa Sleaford,22,2025-07-30
2164,8956,Marin Desesquelle,6,2025-04-03
6097,9276,Deina Bastow,14,2025-09-15
2006,9276,Deina Bastow,2,2025-10-23
7880,9276,Deina Bastow,39,2025-12-04
8447,8726,Town Kewley,13,2025-06-26
1760,8726,Town Kewley,5,2025-07-18
9449,8726,Town Kewley,11,2025-07-20
2673,6148,Skippie McKeon,13,2025-12-09
9286,6148,Skippie McKeon,41,2025-03-22
2200,6148,Skippie McKeon,54,2025-04-19
4712,8495,Tito Kampshell,36,2025-08-02
7217,8495,Tito Kampshell,15,2025-05-22
2446,8495,Tito Kampshell,10,2025-05-06
6157,3186,Stewart Gaddie,3,2025-03-08
3288,5055,Sergent Spens,55,2025-10-16
3750,5055,Sergent Spens,30,2025-12-04
5941,5808,Cross Harburtson,57,2025-06-25
8946,5808,Cross Harburtson,12,2025-02-10
3140,5808,Cross Harburtson,6,2025-01-22
7091,2844,Eolande Boucher,11,2025-07-14
4863,2844,Eolande Boucher,20,2025-11-01
8090,2844,Eolande Boucher,36,2025-02-04
6822,8379,Olva Hatherleigh,17,2025-07-03
9084,1518,Vannie Challenor,42,2025-02-01
3541,6309,Fin O'Cooney,7,2025-09-13
2245,6309,Fin O'Cooney,19,2025-11-04
2591,8000,Barbe Petrusch,57,2025-09-10
2056,3491,Roberto Avery,4,2025-12-04
5597,3491,Roberto Avery,30,2025-12-16
9302,3152,Garnet Smetoun,3,2025-04-25
9945,3152,Garnet Smetoun,16,2025-10-29
4131,3152,Garnet Smetoun,51,2025-07-12
8638,5870,Terra Mouget,24,2025-03-03
9783,5870,Terra Mouget,45,2025-10-10
9888,5870,Terra Mouget,12,2025-05-25
9564,1433,Jeddy Blastock,12,2025-02-21
6872,8680,Moritz Siggers,28,2025-08-14
4516,8680,Moritz Siggers,35,2025-04-03
8736,8680,Moritz Siggers,24,2025-01-22
5409,1352,Toinette Kleeborn,23,2025-09-19
4270,9365,Cassey Bemrose,16,2025-01-07
6284,9365,Cassey Bemrose,26,2026-01-01
9361,6299,Liz Greenset,20,2025-11-27
1462,6299,Liz Greenset,17,2025-01-05
3800,4979,Christie Avramovsky,54,2025-11-03
4788,4979,Christie Avramovsky,32,2025-05-31
9386,4979,Christie Avramovsky,56,2025-06-14
7393,3580,Siegfried Adamov,52,2025-10-06
6398,3580,Siegfried Adamov,60,2025-05-23
1829,3580,Siegfried Adamov,48,2025-04-21
4112,8632,Lewie Glison,51,2025-08-26
6268,8632,Lewie Glison,38,2025-07-10
7858,3091,Ramonda Stemson,14,2025-07-18
8374,7152,Shane Stollberger,3,2025-11-16
7680,7152,Shane Stollberger,41,2025-11-01
7225,7152,Shane Stollberger,2,2025-02-09
1764,5212,Kellina Stoyell,56,2025-07-29
8297,9524,Job Buche,7,2025-02-06
6708,9524,Job Buche,51,2025-01-13
3437,9524,Job Buche,25,2025-07-14
7115,8302,Patti Goodhall,57,2025-11-14
3008,8302,Patti Goodhall,21,2025-08-17
5729,2884,Delia Bertomeu,34,2025-12-08
5317,2884,Delia Bertomeu,48,2025-05-14
9233,1740,Had Chaise,57,2025-09-03
9980,1740,Had Chaise,36,2025-09-13
1487,1740,Had Chaise,24,2025-04-11
8304,8637,Tessie Sparham,56,2025-03-21
4903,8637,Tessie Sparham,44,2025-07-06
3987,4628,Aldridge Garey,54,2025-03-10
8665,4628,Aldridge Garey,53,2025-10-29
5053,4628,Aldridge Garey,54,2025-02-08
6193,8684,Gerry Halmkin,14,2025-10-25
1814,7740,Penrod Gartsyde,32,2025-02-12
5925,7740,Penrod Gartsyde,59,2025-04-05
9695,8012,Antonin Cotte,8,2025-03-22
7437,8012,Antonin Cotte,49,2025-06-18
7621,6596,Leonie Wareing,40,2025-03-29
6809,6596,Leonie Wareing,57,2025-01-21
7211,6596,Leonie Wareing,50,2025-05-06
2963,6431,Brady Aldie,55,2025-01-17
1350,6431,Brady Aldie,55,2025-03-17
4576,6431,Brady Aldie,45,2025-01-21
3332,7046,Geralda Bevis,28,2025-01-06
9656,7046,Geralda Bevis,33,2025-03-23
6480,6384,Ryan Manthroppe,10,2025-04-20
5757,6384,Ryan Manthroppe,59,2025-12-27
3373,6384,Ryan Manthroppe,41,2025-11-12
5039,4678,Clovis Eliesco,42,2025-12-27
4188,4678,Clovis Eliesco,20,2025-02-05
2698,4678,Clovis Eliesco,28,2025-05-05
1955,4205,Lindy Deverson,40,2025-02-06
6797,6589,Orbadiah McIlwraith,39,2025-08-06
7490,6589,Orbadiah McIlwraith,9,2025-11-16
8227,6589,Orbadiah McIlwraith,2,2025-08-10
8518,7839,Mame Ilchenko,56,2025-02-20
6279,1346,Dyanne Dwelley,8,2025-07-19
9281,1346,Dyanne Dwelley,57,2025-05-30
7979,7267,Anderea McCreary,39,2025-01-11
5608,7267,Anderea McCreary,55,2025-03-12
5657,6352,Ellwood Raggatt,10,2025-03-05
2928,6456,Maiga Aspin,16,2025-08-06
5684,6456,Maiga Aspin,45,2025-02-01
4174,6456,Maiga Aspin,28,2025-08-30
9811,4107,Nev Hilldrop,43,2025-10-22
7190,4107,Nev Hilldrop,27,2025-07-13
9609,3450,Obadias Antowski,16,2025-02-22
6251,3450,Obadias Antowski,44,2025-05-20
5653,4371,Corty Ayers,14,2025-12-11
4480,4371,Corty Ayers,22,2025-01-28
9520,7275,Tabbi Meadowcroft,35,2025-08-26
9487,8463,Kenn Laffoley-Lane,28,2025-11-23
2058,8463,Kenn Laffoley-Lane,11,2025-01-04
3836,8463,Kenn Laffoley-Lane,14,2025-08-29
5984,2168,Nero Halgarth,25,2025-05-23
8378,2168,Nero Halgarth,45,2025-04-06
7011,2168,Nero Halgarth,16,2025-09-15
1465,8003,Salim McQuirk,36,2025-06-07
4406,8873,Liva Davenport,4,2025-06-29
4645,3616,Margery Paquet,27,2025-10-06
1184,3616,Margery Paquet,24,2025-02-07
8343,1746,Iver Caldayrou,23,2025-07-06
5976,1746,Iver Caldayrou,43,2025-04-13
1106,5209,Ellary Pringell,25,2025-12-11
4646,5209,Ellary Pringell,43,2025-01-19
8679,5209,Ellary Pringell,22,2025-06-01
6267,7048,Glynnis Baynon,16,2025-07-26
5041,7048,Glynnis Baynon,46,2025-05-12
6358,7048,Glynnis Baynon,56,2025-09-05
4617,3195,Franni McKeller,41,2025-09-17
7556,3195,Franni McKeller,28,2025-08-17
7314,7220,Idalia Calles,1,2025-09-14
2002,1471,Fern Theakston,31,2025-07-28
6647,9146,Dilly Augie,57,2025-06-08
